{"moon_data" : {
"moons": [[369.1031776200334,-224.75639891013353,-323.8014907620764],
         [-43.084537066117655,-526.0828802247278,113.93211048801389],
         [317.7630114827334,-416.59894242101916,130.65982438038333],
         [255.2775989814185,143.04441243122423,226.43242596962094],
         [-91.31365635719341,200.02072888127825,-297.57944179745107],
         [258.4431641526227,248.53054256854284,-91.32195964479827],
         [-260.7443757907106,262.5035322951634,2.0654360495626647]],
"com": [92.3350327678572,-142.8676159017393,-14.370385005296756] }}
 
